[
  {
    "region": "Europe",
    "countries": [
      {"name": "Albania", "country_code": "AL", "operators": [{"name": "Vodafone", "price_per_mb": 2.1, "url": "https://www.vodafone.al"}, {"name": "One", "price_per_mb": 2.2, "url": "https://www.one.al"}]},
      {"name": "Andorra", "country_code": "AD", "operators": [{"name": "Andorra Telecom", "price_per_mb": 3.0, "url": "https://www.andorratelecom.com"}]},
      {"name": "Armenia", "country_code": "AM", "operators": [{"name": "Viva-MTS", "price_per_mb": 1.9, "url": "https://www.mts.am"}, {"name": "Ucom", "price_per_mb": 1.8, "url": "https://www.ucom.am"}, {"name": "Team Telecom", "price_per_mb": 1.8, "url": "https://www.telecomarmenia.am"}]},
      {"name": "Austria", "country_code": "AT", "operators": [{"name": "A1", "price_per_mb": 1.5, "url": "https://www.a1.net"}, {"name": "Magenta", "price_per_mb": 1.4, "url": "https://www.magenta.at"}, {"name": "Drei", "price_per_mb": 1.6, "url": "https://www.drei.at"}]},
      {"name": "Azerbaijan", "country_code": "AZ", "operators": [{"name": "Azercell", "price_per_mb": 2.2, "url": "https://www.azercell.com"}, {"name": "Bakcell", "price_per_mb": 2.1, "url": "https://www.bakcell.com"}, {"name": "Nar", "price_per_mb": 2.1, "url": "https://www.nar.az"}]},
      {"name": "Belarus", "country_code": "BY", "operators": [{"name": "A1", "price_per_mb": 2.5, "url": "https://www.a1.by"}, {"name": "MTS", "price_per_mb": 2.4, "url": "https://www.mts.by"}, {"name": "Life :)", "price_per_mb": 2.5, "url": "https://life.com.by"}]},
      {"name": "Belgium", "country_code": "BE", "operators": [{"name": "Proximus", "price_per_mb": 1.8, "url": "https://www.proximus.be"}, {"name": "Orange", "price_per_mb": 1.7, "url": "https://www.orange.be"}, {"name": "Base", "price_per_mb": 1.9, "url": "https://www.base.be"}]},
      {"name": "Bosnia and Herzegovina", "country_code": "BA", "operators": [{"name": "BH Telecom", "price_per_mb": 2.2, "url": "https://www.bhtelecom.ba"}, {"name": "m:tel", "price_per_mb": 2.3, "url": "https://mtel.ba"}, {"name": "HT Eronet", "price_per_mb": 2.3, "url": "https://www.hteronet.ba"}]},
      {"name": "Bulgaria", "country_code": "BG", "operators": [{"name": "A1", "price_per_mb": 1.4, "url": "https://www.a1.bg"}, {"name": "Yettel", "price_per_mb": 1.3, "url": "https://www.yettel.bg"}, {"name": "Vivacom", "price_per_mb": 1.5, "url": "https://www.vivacom.bg"}]},
      {"name": "Croatia", "country_code": "HR", "operators": [{"name": "Hrvatski Telekom", "price_per_mb": 1.9, "url": "https://www.hrvatskitelekom.hr"}, {"name": "A1", "price_per_mb": 1.8, "url": "https://www.a1.hr"}, {"name": "Telemach", "price_per_mb": 2.0, "url": "https://telemach.hr"}]},
      {"name": "Cyprus", "country_code": "CY", "operators": [{"name": "CYTA", "price_per_mb": 2.2, "url": "https://www.cyta.com.cy"}, {"name": "Epic", "price_per_mb": 2.1, "url": "https://www.epic.com.cy"}]},
      {"name": "Czech Republic", "country_code": "CZ", "operators": [{"name": "O2", "price_per_mb": 1.6, "url": "https://www.o2.cz"}, {"name": "T-Mobile", "price_per_mb": 1.5, "url": "https://www.t-mobile.cz"}, {"name": "Vodafone", "price_per_mb": 1.7, "url": "https://www.vodafone.cz"}]},
      {"name": "Denmark", "country_code": "DK", "operators": [{"name": "TDC", "price_per_mb": 1.3, "url": "https://tdc.dk"}, {"name": "Telenor", "price_per_mb": 1.2, "url": "https://www.telenor.dk"}, {"name": "Telia", "price_per_mb": 1.4, "url": "https://www.telia.dk"}, {"name": "3", "price_per_mb": 1.4, "url": "https://www.3.dk"}]},
      {"name": "Estonia", "country_code": "EE", "operators": [{"name": "Telia", "price_per_mb": 1.4, "url": "https://www.telia.ee"}, {"name": "Elisa", "price_per_mb": 1.3, "url": "https://www.elisa.ee"}, {"name": "Tele2", "price_per_mb": 1.3, "url": "https://tele2.ee"}]},
      {"name": "Faroe Islands", "country_code": "FO", "operators": [{"name": "Faroese Telecom", "price_per_mb": 2.9, "url": "https://www.ft.fo"}, {"name": "Hey", "price_per_mb": 2.9, "url": "https://www.hey.fo"}]},
      {"name": "Finland", "country_code": "FI", "operators": [{"name": "Elisa", "price_per_mb": 1.1, "url": "https://elisa.fi"}, {"name": "DNA", "price_per_mb": 1.0, "url": "https://www.dna.fi"}, {"name": "Telia", "price_per_mb": 1.2, "url": "https://www.telia.fi"}]},
      {"name": "France", "country_code": "FR", "operators": [{"name": "Orange", "price_per_mb": 1.8, "url": "https://www.orange.fr"}, {"name": "SFR", "price_per_mb": 1.7, "url": "https://www.sfr.fr"}, {"name": "Bouygues", "price_per_mb": 1.9, "url": "https://www.bouyguestelecom.fr"}, {"name": "Free Mobile", "price_per_mb": 1.6, "url": "https://mobile.free.fr"}]},
      {"name": "Georgia", "country_code": "GE", "operators": [{"name": "MagtiCom", "price_per_mb": 2.0, "url": "https://www.magticom.ge"}, {"name": "Geocell", "price_per_mb": 2.1, "url": "https://geocell.ge"}, {"name": "Beeline", "price_per_mb": 2.0, "url": "https://beeline.ge"}]},
      {"name": "Germany", "country_code": "DE", "operators": [{"name": "Telekom", "price_per_mb": 1.2, "url": "https://www.telekom.de"}, {"name": "Vodafone", "price_per_mb": 1.1, "url": "https://www.vodafone.de"}, {"name": "O2", "price_per_mb": 1.3, "url": "https://www.o2-online.de"}, {"name": "1&1", "price_per_mb": 1.3, "url": "https://www.1und1.de"}]},
      {"name": "Gibraltar", "country_code": "GI", "operators": [{"name": "Gibtelecom", "price_per_mb": 2.8, "url": "https://www.gibtele.com"}]},
      {"name": "Greece", "country_code": "GR", "operators": [{"name": "Cosmote", "price_per_mb": 2.0, "url": "https://www.cosmote.gr"}, {"name": "Vodafone", "price_per_mb": 1.9, "url": "https://www.vodafone.gr"}, {"name": "Nova", "price_per_mb": 2.1, "url": "https://nova.gr"}]},
      {"name": "Greenland", "country_code": "GL", "operators": [{"name": "Tusass", "price_per_mb": 4.0, "url": "https://www.tusass.gl"}]},
      {"name": "Guernsey", "country_code": "GG", "operators": [{"name": "JT", "price_per_mb": 2.7, "url": "https://www.jtglobal.com"}, {"name": "Sure", "price_per_mb": 2.8, "url": "https://www.sure.com"}]},
      {"name": "Hungary", "country_code": "HU", "operators": [{"name": "Magyar Telekom", "price_per_mb": 1.7, "url": "https://www.telekom.hu"}, {"name": "Yettel", "price_per_mb": 1.6, "url": "https://www.yettel.hu"}, {"name": "Vodafone", "price_per_mb": 1.8, "url": "https://www.vodafone.hu"}]},
      {"name": "Iceland", "country_code": "IS", "operators": [{"name": "Síminn", "price_per_mb": 2.5, "url": "https://www.siminn.is"}, {"name": "Vodafone", "price_per_mb": 2.4, "url": "https://www.vodafone.is"}, {"name": "Nova", "price_per_mb": 2.4, "url": "https://nova.is"}]},
      {"name": "Ireland", "country_code": "IE", "operators": [{"name": "Vodafone", "price_per_mb": 1.6, "url": "https://www.vodafone.ie"}, {"name": "Three", "price_per_mb": 1.5, "url": "https://www.three.ie"}, {"name": "Eir", "price_per_mb": 1.7, "url": "https://www.eir.ie"}]},
      {"name": "Isle of Man", "country_code": "IM", "operators": [{"name": "Manx Telecom", "price_per_mb": 2.9, "url": "https://www.manxtelecom.com"}, {"name": "Sure", "price_per_mb": 2.8, "url": "https://www.sure.com"}]},
      {"name": "Italy", "country_code": "IT", "operators": [{"name": "TIM", "price_per_mb": 1.4, "url": "https://www.tim.it"}, {"name": "Vodafone", "price_per_mb": 1.3, "url": "https://www.vodafone.it"}, {"name": "Wind Tre", "price_per_mb": 1.5, "url": "https://www.windtre.it"}, {"name": "Iliad", "price_per_mb": 1.2, "url": "https://www.iliad.it"}]},
      {"name": "Jersey", "country_code": "JE", "operators": [{"name": "JT", "price_per_mb": 2.7, "url": "https://www.jtglobal.com"}, {"name": "Sure", "price_per_mb": 2.8, "url": "https://www.sure.com"}]},
      {"name": "Latvia", "country_code": "LV", "operators": [{"name": "LMT", "price_per_mb": 1.5, "url": "https://www.lmt.lv"}, {"name": "Tele2", "mcc": "247", "mnc": "02", "price_per_mb": 1.2, "url": "https://www.tele2.lv"}, {"name": "Bite", "price_per_mb": 1.8, "url": "https://www.bite.lv"}]},
      {"name": "Liechtenstein", "country_code": "LI", "operators": [{"name": "FL1", "price_per_mb": 3.5, "url": "https://www.fl1.li"}]},
      {"name": "Lithuania", "country_code": "LT", "operators": [{"name": "Telia", "price_per_mb": 1.6, "url": "https://www.telia.lt"}, {"name": "Bite", "price_per_mb": 1.5, "url": "https://www.bite.lt"}, {"name": "Tele2", "price_per_mb": 1.7, "url": "https://www.tele2.lt"}]},
      {"name": "Luxembourg", "country_code": "LU", "operators": [{"name": "Post", "price_per_mb": 2.0, "url": "https://www.post.lu"}, {"name": "Tango", "price_per_mb": 1.9, "url": "https://www.tango.lu"}, {"name": "Orange", "price_per_mb": 1.9, "url": "https://www.orange.lu"}]},
      {"name": "Malta", "country_code": "MT", "operators": [{"name": "Epic", "price_per_mb": 2.4, "url": "https://www.epic.com.mt"}, {"name": "GO", "price_per_mb": 2.3, "url": "https://www.go.com.mt"}]},
      {"name": "Moldova", "country_code": "MD", "operators": [{"name": "Orange", "price_per_mb": 1.8, "url": "https://www.orange.md"}, {"name": "Moldcell", "price_per_mb": 1.7, "url": "https://www.moldcell.md"}]},
      {"name": "Monaco", "country_code": "MC", "operators": [{"name": "Monaco Telecom", "price_per_mb": 4.0, "url": "https://www.monaco-telecom.mc"}]},
      {"name": "Montenegro", "country_code": "ME", "operators": [{"name": "Crnogorski Telekom", "price_per_mb": 2.6, "url": "https://telekom.me"}, {"name": "Yettel", "price_per_mb": 2.5, "url": "https://www.yettel.me"}, {"name": "m:tel", "price_per_mb": 2.5, "url": "https://mtel.me"}]},
      {"name": "Netherlands", "country_code": "NL", "operators": [{"name": "KPN", "price_per_mb": 1.5, "url": "https://www.kpn.com"}, {"name": "VodafoneZiggo", "price_per_mb": 1.4, "url": "https://www.vodafoneziggo.nl"}, {"name": "T-Mobile", "price_per_mb": 1.6, "url": "https://www.t-mobile.nl"}]},
      {"name": "North Macedonia", "country_code": "MK", "operators": [{"name": "Makedonski Telekom", "price_per_mb": 2.2, "url": "https://www.telekom.mk"}, {"name": "A1", "price_per_mb": 2.1, "url": "https://www.a1.mk"}]},
      {"name": "Norway", "country_code": "NO", "operators": [{"name": "Telenor", "price_per_mb": 2.3, "url": "https://www.telenor.no"}, {"name": "Telia", "price_per_mb": 2.2, "url": "https://www.telia.no"}]},
      {"name": "Poland", "country_code": "PL", "operators": [{"name": "Orange", "price_per_mb": 1.2, "url": "https://www.orange.pl"}, {"name": "Play", "price_per_mb": 1.1, "url": "https://www.play.pl"}, {"name": "Plus", "price_per_mb": 1.3, "url": "https://www.plus.pl"}, {"name": "T-Mobile", "price_per_mb": 1.2, "url": "https://www.t-mobile.pl"}]},
      {"name": "Portugal", "country_code": "PT", "operators": [{"name": "MEO", "price_per_mb": 1.9, "url": "https://www.meo.pt"}, {"name": "NOS", "price_per_mb": 1.8, "url": "https://www.nos.pt"}, {"name": "Vodafone", "price_per_mb": 2.0, "url": "https://www.vodafone.pt"}]},
      {"name": "Romania", "country_code": "RO", "operators": [{"name": "Orange", "price_per_mb": 1.1, "url": "https://www.orange.ro"}, {"name": "Vodafone", "price_per_mb": 1.0, "url": "https://www.vodafone.ro"}, {"name": "Telekom", "price_per_mb": 1.1, "url": "https://www.telekom.ro"}]},
      {"name": "Russia", "country_code": "RU", "operators": [{"name": "MTS", "price_per_mb": 1.0, "url": "https://mts.ru"}, {"name": "Beeline", "price_per_mb": 1.1, "url": "https://beeline.ru"}, {"name": "MegaFon", "price_per_mb": 0.9, "url": "https://megafon.ru"}, {"name": "Tele2", "price_per_mb": 0.9, "url": "https://tele2.ru"}]},
      {"name": "San Marino", "country_code": "SM", "operators": [{"name": "TIM San Marino", "price_per_mb": 3.2, "url": "https://www.tim.sm"}]},
      {"name": "Serbia", "country_code": "RS", "operators": [{"name": "Telekom Srbija", "price_per_mb": 1.9, "url": "https://mts.rs"}, {"name": "Yettel", "price_per_mb": 1.8, "url": "https://www.yettel.rs"}, {"name": "A1", "price_per_mb": 1.8, "url": "https://a1.rs"}]},
      {"name": "Slovakia", "country_code": "SK", "operators": [{"name": "Slovak Telekom", "price_per_mb": 1.7, "url": "https://www.telekom.sk"}, {"name": "O2", "price_per_mb": 1.6, "url": "https://www.o2.sk"}, {"name": "Orange", "price_per_mb": 1.8, "url": "https://www.orange.sk"}]},
      {"name": "Slovenia", "country_code": "SI", "operators": [{"name": "Telekom Slovenije", "price_per_mb": 2.0, "url": "https://www.telekom.si"}, {"name": "A1", "price_per_mb": 1.9, "url": "https://www.a1.si"}, {"name": "Telemach", "price_per_mb": 1.9, "url": "https://telemach.si"}]},
      {"name": "Spain", "country_code": "ES", "operators": [{"name": "Movistar", "price_per_mb": 1.7, "url": "https://www.movistar.es"}, {"name": "Orange", "price_per_mb": 1.6, "url": "https://www.orange.es"}, {"name": "Vodafone", "price_per_mb": 1.8, "url": "https://www.vodafone.es"}, {"name": "MasMovil", "price_per_mb": 1.5, "url": "https://www.masmovil.es"}]},
      {"name": "Sweden", "country_code": "SE", "operators": [{"name": "Telia", "price_per_mb": 1.4, "url": "https://www.telia.se"}, {"name": "Telenor", "price_per_mb": 1.3, "url": "https://www.telenor.se"}, {"name": "Tele2", "price_per_mb": 1.5, "url": "https://www.tele2.se"}, {"name": "3", "price_per_mb": 1.4, "url": "https://www.tre.se"}]},
      {"name": "Switzerland", "country_code": "CH", "operators": [{"name": "Swisscom", "price_per_mb": 2.5, "url": "https://www.swisscom.ch"}, {"name": "Sunrise", "price_per_mb": 2.4, "url": "https://www.sunrise.ch"}, {"name": "Salt", "price_per_mb": 2.6, "url": "https://www.salt.ch"}]},
      {"name": "Turkey", "country_code": "TR", "operators": [{"name": "Turkcell", "price_per_mb": 2.2, "url": "https://www.turkcell.com.tr"}, {"name": "Türk Telekom", "price_per_mb": 2.1, "url": "https://www.turktelekom.com.tr"}, {"name": "Vodafone", "price_per_mb": 2.3, "url": "https://www.vodafone.com.tr"}]},
      {"name": "Ukraine", "country_code": "UA", "operators": [{"name": "Kyivstar", "price_per_mb": 1.0, "url": "https://kyivstar.ua"}, {"name": "Vodafone", "price_per_mb": 0.9, "url": "https://www.vodafone.ua"}, {"name": "Lifecell", "price_per_mb": 1.1, "url": "https://www.lifecell.ua"}]},
      {"name": "United Kingdom", "country_code": "GB", "operators": [{"name": "EE", "price_per_mb": 1.5, "url": "https://ee.co.uk"}, {"name": "O2", "price_per_mb": 1.4, "url": "https://www.o2.co.uk"}, {"name": "Vodafone", "price_per_mb": 1.6, "url": "https://www.vodafone.co.uk"}, {"name": "Three", "price_per_mb": 1.3, "url": "https://www.three.co.uk"}]}
    ]
  },
  {
    "region": "Asia",
    "countries": [
      {"name": "Afghanistan", "country_code": "AF", "operators": [{"name": "Roshan", "price_per_mb": 1.2, "url": "https://www.roshan.af"}, {"name": "MTN", "price_per_mb": 1.3, "url": "https://www.mtn.com.af"}, {"name": "AWCC", "price_per_mb": 1.2, "url": "https://afghan-wireless.com"}]},
      {"name": "Bahrain", "country_code": "BH", "operators": [{"name": "Batelco", "price_per_mb": 2.0, "url": "https://batelco.com.bh"}, {"name": "Zain", "price_per_mb": 1.9, "url": "https://www.bh.zain.com"}, {"name": "STC", "price_per_mb": 1.9, "url": "https://www.stc.com.bh"}]},
      {"name": "Bangladesh", "country_code": "BD", "operators": [{"name": "Grameenphone", "price_per_mb": 0.5, "url": "https://www.grameenphone.com"}, {"name": "Robi", "price_per_mb": 0.4, "url": "https://www.robi.com.bd"}, {"name": "Banglalink", "price_per_mb": 0.4, "url": "https://www.banglalink.net"}]},
      {"name": "Bhutan", "country_code": "BT", "operators": [{"name": "Bhutan Telecom", "price_per_mb": 1.5, "url": "https://www.bt.bt"}, {"name": "TashiCell", "price_per_mb": 1.6, "url": "https://www.tashicell.com"}]},
      {"name": "Brunei", "country_code": "BN", "operators": [{"name": "DST", "price_per_mb": 2.5, "url": "https://www.dst.com.bn"}, {"name": "Progresif", "price_per_mb": 2.6, "url": "https://progresif.com"}]},
      {"name": "Cambodia", "country_code": "KH", "operators": [{"name": "Smart Axiata", "price_per_mb": 0.8, "url": "https://www.smart.com.kh"}, {"name": "Cellcard", "price_per_mb": 0.9, "url": "https://www.cellcard.com.kh"}, {"name": "Metfone", "price_per_mb": 0.8, "url": "https://www.metfone.com.kh"}]},
      {"name": "China", "country_code": "CN", "operators": [{"name": "China Mobile", "price_per_mb": 3.0, "url": "https://www.10086.cn"}, {"name": "China Unicom", "price_per_mb": 2.8, "url": "https://www.10010.com"}, {"name": "China Telecom", "price_per_mb": 2.9, "url": "https://www.chinatelecom.com.cn"}]},
      {"name": "Hong Kong", "country_code": "HK", "operators": [{"name": "CSL", "price_per_mb": 1.8, "url": "https://www.hkcsl.com"}, {"name": "SmarTone", "price_per_mb": 1.7, "url": "https://www.smartone.com"}, {"name": "3", "price_per_mb": 1.9, "url": "https://www.three.com.hk"}, {"name": "China Mobile HK", "price_per_mb": 1.5, "url": "https://www.hk.chinamobile.com"}]},
      {"name": "India", "country_code": "IN", "operators": [{"name": "Jio", "price_per_mb": 0.5, "url": "https://www.jio.com"}, {"name": "Airtel", "price_per_mb": 0.6, "url": "https://www.airtel.in"}, {"name": "Vi", "price_per_mb": 0.7, "url": "https://www.myvi.in"}, {"name": "BSNL", "price_per_mb": 0.8, "url": "https://www.bsnl.co.in"}]},
      {"name": "Indonesia", "country_code": "ID", "operators": [{"name": "Telkomsel", "price_per_mb": 1.2, "url": "https://www.telkomsel.com"}, {"name": "Indosat", "price_per_mb": 1.1, "url": "https://indosatooredoo.com"}, {"name": "XL Axiata", "price_per_mb": 1.1, "url": "https://www.xl.co.id"}]},
      {"name": "Iran", "country_code": "IR", "operators": [{"name": "MCI", "price_per_mb": 1.5, "url": "https://mci.ir"}, {"name": "Irancell", "price_per_mb": 1.4, "url": "https://irancell.ir"}]},
      {"name": "Iraq", "country_code": "IQ", "operators": [{"name": "Zain", "price_per_mb": 2.5, "url": "https://www.iq.zain.com"}, {"name": "Asiacell", "price_per_mb": 2.6, "url": "https://www.asiacell.com"}]},
      {"name": "Israel", "country_code": "IL", "operators": [{"name": "Pelephone", "price_per_mb": 1.8, "url": "https://www.pelephone.co.il"}, {"name": "Cellcom", "price_per_mb": 1.7, "url": "https://www.cellcom.co.il"}, {"name": "Partner", "price_per_mb": 1.7, "url": "https://www.partner.co.il"}]},
      {"name": "Japan", "country_code": "JP", "operators": [{"name": "NTT Docomo", "price_per_mb": 2.5, "url": "https://www.nttdocomo.co.jp"}, {"name": "SoftBank", "price_per_mb": 2.2, "url": "https://www.softbank.jp"}, {"name": "au by KDDI", "price_per_mb": 2.4, "url": "https://www.au.com"}, {"name": "Rakuten Mobile", "price_per_mb": 2.0, "url": "https://network.mobile.rakuten.co.jp"}]},
      {"name": "Jordan", "country_code": "JO", "operators": [{"name": "Zain", "price_per_mb": 2.1, "url": "https://www.jo.zain.com"}, {"name": "Orange", "price_per_mb": 2.0, "url": "https://www.orange.jo"}, {"name": "Umniah", "price_per_mb": 2.0, "url": "https://www.umniah.com"}]},
      {"name": "Kazakhstan", "country_code": "KZ", "operators": [{"name": "Kcell", "price_per_mb": 1.3, "url": "https://www.kcell.kz"}, {"name": "Beeline", "price_per_mb": 1.2, "url": "https://beeline.kz"}, {"name": "Tele2", "price_per_mb": 1.2, "url": "https://tele2.kz"}]},
      {"name": "Kuwait", "country_code": "KW", "operators": [{"name": "Zain", "price_per_mb": 2.2, "url": "https://www.kw.zain.com"}, {"name": "Ooredoo", "price_per_mb": 2.1, "url": "https://www.ooredoo.com.kw"}, {"name": "STC", "price_per_mb": 2.1, "url": "https://www.stc.com.kw"}]},
      {"name": "Kyrgyzstan", "country_code": "KG", "operators": [{"name": "Beeline", "price_per_mb": 1.5, "url": "https://beeline.kg"}, {"name": "MegaCom", "price_per_mb": 1.4, "url": "https://www.megacom.kg"}, {"name": "O!", "price_per_mb": 1.4, "url": "https://o.kg"}]},
      {"name": "Laos", "country_code": "LA", "operators": [{"name": "Lao Telecom", "price_per_mb": 1.2, "url": "https://www.laotel.com"}, {"name": "Unitel", "price_per_mb": 1.1, "url": "https://www.unitel.com.la"}]},
      {"name": "Lebanon", "country_code": "LB", "operators": [{"name": "Alfa", "price_per_mb": 2.8, "url": "https://www.alfa.com.lb"}, {"name": "Touch", "price_per_mb": 2.7, "url": "https://www.touch.com.lb"}]},
      {"name": "Macau", "country_code": "MO", "operators": [{"name": "CTM", "price_per_mb": 2.0, "url": "https://www.ctm.net"}, {"name": "3", "price_per_mb": 2.1, "url": "https://www.three.com.mo"}, {"name": "SmarTone", "price_per_mb": 2.2, "url": "https://www.smartone.com"}]},
      {"name": "Malaysia", "country_code": "MY", "operators": [{"name": "Maxis", "price_per_mb": 1.4, "url": "https://www.maxis.com.my"}, {"name": "CelcomDigi", "price_per_mb": 1.3, "url": "https://www.celcomdigi.com"}, {"name": "U Mobile", "price_per_mb": 1.2, "url": "https://www.u.com.my"}]},
      {"name": "Maldives", "country_code": "MV", "operators": [{"name": "Dhiraagu", "price_per_mb": 3.5, "url": "https://www.dhiraagu.com.mv"}, {"name": "Ooredoo", "price_per_mb": 3.4, "url": "https://www.ooredoo.mv"}]},
      {"name": "Mongolia", "country_code": "MN", "operators": [{"name": "Unitel", "price_per_mb": 1.9, "url": "https://www.unitel.mn"}, {"name": "Mobicom", "price_per_mb": 2.0, "url": "https://www.mobicom.mn"}]},
      {"name": "Myanmar", "country_code": "MM", "operators": [{"name": "MPT", "price_per_mb": 1.1, "url": "https://www.mpt.com.mm"}, {"name": "Ooredoo", "price_per_mb": 1.0, "url": "https://www.ooredoo.com.mm"}, {"name": "Telenor", "price_per_mb": 1.0, "url": "https://www.telenor.com.mm"}]},
      {"name": "Nepal", "country_code": "NP", "operators": [{"name": "Ncell", "price_per_mb": 1.0, "url": "https://www.ncell.axiata.com"}, {"name": "Nepal Telecom", "price_per_mb": 0.9, "url": "https://www.ntc.net.np"}]},
      {"name": "Oman", "country_code": "OM", "operators": [{"name": "Omantel", "price_per_mb": 2.4, "url": "https://www.omantel.om"}, {"name": "Ooredoo", "price_per_mb": 2.3, "url": "https://www.ooredoo.om"}, {"name": "Vodafone", "price_per_mb": 2.3, "url": "https://www.vodafone.om"}]},
      {"name": "Pakistan", "country_code": "PK", "operators": [{"name": "Jazz", "price_per_mb": 0.8, "url": "https://jazz.com.pk"}, {"name": "Telenor", "price_per_mb": 0.7, "url": "https://www.telenor.com.pk"}, {"name": "Zong", "price_per_mb": 0.7, "url": "https://www.zong.com.pk"}]},
      {"name": "Philippines", "country_code": "PH", "operators": [{"name": "Smart", "price_per_mb": 1.5, "url": "https://smart.com.ph"}, {"name": "Globe", "price_per_mb": 1.4, "url": "https://www.globe.com.ph"}, {"name": "DITO", "price_per_mb": 1.3, "url": "https://www.dito.ph"}]},
      {"name": "Qatar", "country_code": "QA", "operators": [{"name": "Ooredoo", "price_per_mb": 3.0, "url": "https://www.ooredoo.qa"}, {"name": "Vodafone", "price_per_mb": 2.9, "url": "https://www.vodafone.qa"}]},
      {"name": "Saudi Arabia", "country_code": "SA", "operators": [{"name": "STC", "price_per_mb": 2.5, "url": "https://www.stc.com.sa"}, {"name": "Mobily", "price_per_mb": 2.4, "url": "https://www.mobily.com.sa"}, {"name": "Zain", "price_per_mb": 2.4, "url": "https://www.sa.zain.com"}]},
      {"name": "Singapore", "country_code": "SG", "operators": [{"name": "Singtel", "price_per_mb": 2.0, "url": "https://www.singtel.com"}, {"name": "StarHub", "price_per_mb": 1.9, "url": "https://www.starhub.com"}, {"name": "M1", "price_per_mb": 1.9, "url": "https://www.m1.com.sg"}]},
      {"name": "South Korea", "country_code": "KR", "operators": [{"name": "SK Telecom", "price_per_mb": 2.1, "url": "https://www.sktelecom.com"}, {"name": "KT", "price_per_mb": 2.0, "url": "https://www.kt.com"}, {"name": "LG U+", "price_per_mb": 2.0, "url": "https://www.uplus.co.kr"}]},
      {"name": "Sri Lanka", "country_code": "LK", "operators": [{"name": "Dialog", "price_per_mb": 1.0, "url": "https://www.dialog.lk"}, {"name": "Mobitel", "price_per_mb": 0.9, "url": "https://www.mobitel.lk"}, {"name": "Airtel", "price_per_mb": 0.9, "url": "https://www.airtel.lk"}]},
      {"name": "Syria", "country_code": "SY", "operators": [{"name": "Syriatel", "price_per_mb": 3.5, "url": "https://www.syriatel.sy"}, {"name": "MTN", "price_per_mb": 3.6, "url": "https://www.mtn.com.sy"}]},
      {"name": "Tajikistan", "country_code": "TJ", "operators": [{"name": "Tcell", "price_per_mb": 1.6, "url": "https://www.tcell.tj"}, {"name": "Megafon", "price_per_mb": 1.5, "url": "https://www.megafon.tj"}, {"name": "Beeline", "price_per_mb": 1.5, "url": "https://beeline.tj"}]},
      {"name": "Thailand", "country_code": "TH", "operators": [{"name": "AIS", "price_per_mb": 1.3, "url": "https://www.ais.th"}, {"name": "TrueMove H", "price_per_mb": 1.2, "url": "https://www.truemoveh.truecorp.co.th"}, {"name": "dtac", "price_per_mb": 1.2, "url": "https://www.dtac.co.th"}]},
      {"name": "Timor-Leste", "country_code": "TL", "operators": [{"name": "Telemor", "price_per_mb": 2.0, "url": "https://www.telemor.tl"}, {"name": "Telkomcel", "price_per_mb": 2.1, "url": "https://www.telkomcel.tl"}]},
      {"name": "Turkmenistan", "country_code": "TM", "operators": [{"name": "TM CELL", "price_per_mb": 2.8, "url": "https://tmcell.tm"}]},
      {"name": "United Arab Emirates", "country_code": "AE", "operators": [{"name": "Etisalat", "price_per_mb": 3.2, "url": "https://www.etisalat.ae"}, {"name": "du", "price_per_mb": 3.1, "url": "https://www.du.ae"}]},
      {"name": "Uzbekistan", "country_code": "UZ", "operators": [{"name": "Ucell", "price_per_mb": 1.4, "url": "https://ucell.uz"}, {"name": "Beeline", "price_per_mb": 1.3, "url": "https://beeline.uz"}, {"name": "Mobiuz", "price_per_mb": 1.3, "url": "https://mobi.uz"}]},
      {"name": "Vietnam", "country_code": "VN", "operators": [{"name": "Viettel", "price_per_mb": 1.0, "url": "https://vietteltelecom.vn"}, {"name": "Mobifone", "price_per_mb": 0.9, "url": "https://www.mobifone.vn"}, {"name": "Vinaphone", "price_per_mb": 0.9, "url": "https://vinaphone.com.vn"}]},
      {"name": "Yemen", "country_code": "YE", "operators": [{"name": "MTN", "price_per_mb": 3.0, "url": "https://www.mtn.com.ye"}, {"name": "Sabafon", "price_per_mb": 3.1, "url": "https://www.sabafon.com"}, {"name": "Y", "price_per_mb": 3.0, "url": "https://y-gsm.com"}]}
    ]
  },
  {
    "region": "North America",
    "countries": [
      {"name": "Anguilla", "country_code": "AI", "operators": [{"name": "Flow", "price_per_mb": 3.2, "url": "https://www.discoverflow.co"}, {"name": "Digicel", "price_per_mb": 3.3, "url": "https://www.digicelgroup.com"}]},
      {"name": "Antigua and Barbuda", "country_code": "AG", "operators": [{"name": "Flow", "price_per_mb": 3.1, "url": "https://www.discoverflow.co"}, {"name": "Digicel", "price_per_mb": 3.2, "url": "https://www.digicelgroup.com"}]},
      {"name": "Aruba", "country_code": "AW", "operators": [{"name": "SETAR", "price_per_mb": 2.8, "url": "https://www.setar.aw"}, {"name": "Digicel", "price_per_mb": 2.9, "url": "https://www.digicelgroup.com"}]},
      {"name": "Bahamas", "country_code": "BS", "operators": [{"name": "BTC", "price_per_mb": 3.0, "url": "https://www.btcbahamas.com"}, {"name": "Aliv", "price_per_mb": 2.9, "url": "https://www.bealiv.com"}]},
      {"name": "Barbados", "country_code": "BB", "operators": [{"name": "Flow", "price_per_mb": 2.9, "url": "https://www.discoverflow.co"}, {"name": "Digicel", "price_per_mb": 3.1, "url": "https://www.digicelgroup.com"}]},
      {"name": "Belize", "country_code": "BZ", "operators": [{"name": "Digi", "price_per_mb": 2.8, "url": "https://www.digicell.bz"}]},
      {"name": "Bermuda", "country_code": "BM", "operators": [{"name": "One", "price_per_mb": 3.5, "url": "https://onecomm.bm"}, {"name": "Digicel", "price_per_mb": 3.6, "url": "https://www.digicelgroup.com"}]},
      {"name": "British Virgin Islands", "country_code": "VG", "operators": [{"name": "Flow", "price_per_mb": 3.4, "url": "https://www.discoverflow.co"}, {"name": "Digicel", "price_per_mb": 3.5, "url": "https://www.digicelgroup.com"}]},
      {"name": "Canada", "country_code": "CA", "operators": [{"name": "Rogers", "price_per_mb": 2.5, "url": "https://www.rogers.com"}, {"name": "Bell", "price_per_mb": 2.4, "url": "https://www.bell.ca"}, {"name": "Telus", "price_per_mb": 2.6, "url": "https://www.telus.com"}]},
      {"name": "Cayman Islands", "country_code": "KY", "operators": [{"name": "Flow", "price_per_mb": 3.3, "url": "https://www.discoverflow.co"}, {"name": "Digicel", "price_per_mb": 3.4, "url": "https://www.digicelgroup.com"}]},
      {"name": "Costa Rica", "country_code": "CR", "operators": [{"name": "Kölbi", "price_per_mb": 1.9, "url": "https://www.kolbi.cr"}, {"name": "Claro", "price_per_mb": 1.8, "url": "https://www.claro.cr"}, {"name": "Liberty", "price_per_mb": 1.8, "url": "https://www.libertycr.com"}]},
      {"name": "Cuba", "country_code": "CU", "operators": [{"name": "ETECSA", "price_per_mb": 4.5, "url": "https://www.etecsa.cu"}]},
      {"name": "Dominica", "country_code": "DM", "operators": [{"name": "Flow", "price_per_mb": 3.2, "url": "https://www.discoverflow.co"}, {"name": "Digicel", "price_per_mb": 3.3, "url": "https://www.digicelgroup.com"}]},
      {"name": "Dominican Republic", "country_code": "DO", "operators": [{"name": "Claro", "price_per_mb": 2.2, "url": "https://www.claro.com.do"}, {"name": "Altice", "price_per_mb": 2.1, "url": "https://www.altice.com.do"}]},
      {"name": "El Salvador", "country_code": "SV", "operators": [{"name": "Tigo", "price_per_mb": 2.0, "url": "https://www.tigo.com.sv"}, {"name": "Claro", "price_per_mb": 1.9, "url": "https://www.claro.com.sv"}, {"name": "Digicel", "price_per_mb": 1.9, "url": "https://www.digicelgroup.com"}]},
      {"name": "Grenada", "country_code": "GD", "operators": [{"name": "Flow", "price_per_mb": 3.1, "url": "https://www.discoverflow.co"}, {"name": "Digicel", "price_per_mb": 3.2, "url": "https://www.digicelgroup.com"}]},
      {"name": "Guatemala", "country_code": "GT", "operators": [{"name": "Tigo", "price_per_mb": 1.8, "url": "https://www.tigo.com.gt"}, {"name": "Claro", "price_per_mb": 1.7, "url": "https://www.claro.com.gt"}]},
      {"name": "Haiti", "country_code": "HT", "operators": [{"name": "Digicel", "price_per_mb": 3.5, "url": "https://www.digicelgroup.com"}, {"name": "Natcom", "price_per_mb": 3.4, "url": "https://www.natcom.com.ht"}]},
      {"name": "Honduras", "country_code": "HN", "operators": [{"name": "Tigo", "price_per_mb": 2.1, "url": "https://www.tigo.com.hn"}, {"name": "Claro", "price_per_mb": 2.0, "url": "https://www.claro.com.hn"}]},
      {"name": "Jamaica", "country_code": "JM", "operators": [{"name": "Digicel", "price_per_mb": 2.8, "url": "https://www.digicelgroup.com"}, {"name": "Flow", "price_per_mb": 2.7, "url": "https://www.discoverflow.co"}]},
      {"name": "Mexico", "country_code": "MX", "operators": [{"name": "Telcel", "price_per_mb": 1.5, "url": "https://www.telcel.com"}, {"name": "AT&T Mexico", "price_per_mb": 1.4, "url": "https://www.att.com.mx"}, {"name": "Movistar", "price_per_mb": 1.5, "url": "https://www.movistar.com.mx"}]},
      {"name": "Montserrat", "country_code": "MS", "operators": [{"name": "Flow", "price_per_mb": 3.6, "url": "https://www.discoverflow.co"}]},
      {"name": "Nicaragua", "country_code": "NI", "operators": [{"name": "Tigo", "price_per_mb": 2.3, "url": "https://www.tigo.com.ni"}, {"name": "Claro", "price_per_mb": 2.2, "url": "https://www.claro.com.ni"}]},
      {"name": "Panama", "country_code": "PA", "operators": [{"name": "Tigo", "price_per_mb": 2.3, "url": "https://www.tigo.com.pa"}, {"name": "+Móvil", "price_per_mb": 2.2, "url": "https://www.masmovilpanama.com"}, {"name": "Digicel", "price_per_mb": 2.2, "url": "https://www.digicelgroup.com"}]},
      {"name": "Saint Kitts and Nevis", "country_code": "KN", "operators": [{"name": "Flow", "price_per_mb": 3.3, "url": "https://www.discoverflow.co"}, {"name": "Digicel", "price_per_mb": 3.4, "url": "https://www.digicelgroup.com"}]},
      {"name": "Saint Lucia", "country_code": "LC", "operators": [{"name": "Flow", "price_per_mb": 3.2, "url": "https://www.discoverflow.co"}, {"name": "Digicel", "price_per_mb": 3.3, "url": "https://www.digicelgroup.com"}]},
      {"name": "Saint Vincent and the Grenadines", "country_code": "VC", "operators": [{"name": "Flow", "price_per_mb": 3.3, "url": "https://www.discoverflow.co"}, {"name": "Digicel", "price_per_mb": 3.4, "url": "https://www.digicelgroup.com"}]},
      {"name": "Trinidad and Tobago", "country_code": "TT", "operators": [{"name": "Digicel", "price_per_mb": 2.9, "url": "https://www.digicelgroup.com"}, {"name": "bmobile", "price_per_mb": 2.8, "url": "https://bmobile.co.tt"}]},
      {"name": "Turks and Caicos Islands", "country_code": "TC", "operators": [{"name": "Flow", "price_per_mb": 3.5, "url": "https://www.discoverflow.co"}, {"name": "Digicel", "price_per_mb": 3.6, "url": "https://www.digicelgroup.com"}]},
      {"name": "United States", "country_code": "US", "operators": [{"name": "AT&T", "price_per_mb": 2.0, "url": "https://www.att.com"}, {"name": "T-Mobile", "price_per_mb": 1.8, "url": "https://www.t-mobile.com"}, {"name": "Verizon", "price_per_mb": 2.2, "url": "https://www.verizon.com"}]}
    ]
  },
  {
    "region": "South America",
    "countries": [
      {"name": "Argentina", "country_code": "AR", "operators": [{"name": "Claro", "price_per_mb": 1.8, "url": "https://www.claro.com.ar"}, {"name": "Movistar", "price_per_mb": 1.7, "url": "https://www.movistar.com.ar"}, {"name": "Personal", "price_per_mb": 1.7, "url": "https://www.personal.com.ar"}]},
      {"name": "Bolivia", "country_code": "BO", "operators": [{"name": "Entel", "price_per_mb": 2.0, "url": "https://www.entel.bo"}, {"name": "Tigo", "price_per_mb": 1.9, "url": "https://www.tigo.com.bo"}, {"name": "Viva", "price_per_mb": 1.9, "url": "https://www.viva.com.bo"}]},
      {"name": "Brazil", "country_code": "BR", "operators": [{"name": "Vivo", "price_per_mb": 1.5, "url": "https://www.vivo.com.br"}, {"name": "Claro", "price_per_mb": 1.4, "url": "https://www.claro.com.br"}, {"name": "TIM", "price_per_mb": 1.6, "url": "https://www.tim.com.br"}]},
      {"name": "Chile", "country_code": "CL", "operators": [{"name": "Entel", "price_per_mb": 1.7, "url": "https://www.entel.cl"}, {"name": "Movistar", "price_per_mb": 1.6, "url": "https://www.movistar.cl"}, {"name": "WOM", "price_per_mb": 1.8, "url": "https://www.wom.cl"}, {"name": "Claro", "price_per_mb": 1.6, "url": "https://www.clarochile.cl"}]},
      {"name": "Colombia", "country_code": "CO", "operators": [{"name": "Claro", "price_per_mb": 1.6, "url": "https://www.claro.com.co"}, {"name": "Movistar", "price_per_mb": 1.5, "url": "https://www.movistar.co"}, {"name": "Tigo", "price_per_mb": 1.5, "url": "https://www.tigo.com.co"}]},
      {"name": "Ecuador", "country_code": "EC", "operators": [{"name": "Claro", "price_per_mb": 1.9, "url": "https://www.claro.com.ec"}, {"name": "Movistar", "price_per_mb": 1.8, "url": "https://www.movistar.com.ec"}, {"name": "CNT", "price_per_mb": 1.9, "url": "https://www.cnt.gob.ec"}]},
      {"name": "French Guiana", "country_code": "GF", "operators": [{"name": "Orange", "price_per_mb": 3.0, "url": "https://www.orange.fr"}, {"name": "Digicel", "price_per_mb": 3.1, "url": "https://www.digicelgroup.com"}]},
      {"name": "Guyana", "country_code": "GY", "operators": [{"name": "Digicel", "price_per_mb": 2.7, "url": "https://www.digicelgroup.com"}, {"name": "GTT", "price_per_mb": 2.6, "url": "https://gtt.co.gy"}]},
      {"name": "Paraguay", "country_code": "PY", "operators": [{"name": "Tigo", "price_per_mb": 2.1, "url": "https://www.tigo.com.py"}, {"name": "Claro", "price_per_mb": 2.0, "url": "https://www.claro.com.py"}, {"name": "Personal", "price_per_mb": 2.0, "url": "https://www.personal.com.py"}]},
      {"name": "Peru", "country_code": "PE", "operators": [{"name": "Claro", "price_per_mb": 1.8, "url": "https://www.claro.com.pe"}, {"name": "Movistar", "price_per_mb": 1.7, "url": "https://www.movistar.com.pe"}, {"name": "Entel", "price_per_mb": 1.7, "url": "https://www.entel.pe"}]},
      {"name": "Suriname", "country_code": "SR", "operators": [{"name": "Digicel", "price_per_mb": 2.9, "url": "https://www.digicelgroup.com"}, {"name": "Telesur", "price_per_mb": 2.8, "url": "https://www.telesur.sr"}]},
      {"name": "Uruguay", "country_code": "UY", "operators": [{"name": "Antel", "price_per_mb": 2.2, "url": "https://www.antel.com.uy"}, {"name": "Movistar", "price_per_mb": 2.3, "url": "https://www.movistar.com.uy"}, {"name": "Claro", "price_per_mb": 2.2, "url": "https://www.claro.com.uy"}]},
      {"name": "Venezuela", "country_code": "VE", "operators": [{"name": "Movistar", "price_per_mb": 2.5, "url": "https://www.movistar.com.ve"}, {"name": "Digitel", "price_per_mb": 2.4, "url": "https://www.digitel.com.ve"}, {"name": "Movilnet", "price_per_mb": 2.6, "url": "https://www.movilnet.com.ve"}]}
    ]
  },
  {
    "region": "Africa",
    "countries": [
      {"name": "Algeria", "country_code": "DZ", "operators": [{"name": "Djezzy", "price_per_mb": 1.5, "url": "https://www.djezzy.dz"}, {"name": "Mobilis", "price_per_mb": 1.4, "url": "https://www.mobilis.dz"}, {"name": "Ooredoo", "price_per_mb": 1.4, "url": "https://www.ooredoo.dz"}]},
      {"name": "Angola", "country_code": "AO", "operators": [{"name": "Unitel", "price_per_mb": 2.0, "url": "https://www.unitel.ao"}, {"name": "Movicel", "price_per_mb": 2.1, "url": "https://www.movicel.ao"}]},
      {"name": "Benin", "country_code": "BJ", "operators": [{"name": "MTN", "price_per_mb": 1.8, "url": "https://www.mtn.bj"}, {"name": "Moov", "price_per_mb": 1.9, "url": "https://www.moov.bj"}]},
      {"name": "Botswana", "country_code": "BW", "operators": [{"name": "Mascom", "price_per_mb": 2.2, "url": "https://www.mascom.bw"}, {"name": "Orange", "price_per_mb": 2.1, "url": "https://www.orange.co.bw"}]},
      {"name": "Burkina Faso", "country_code": "BF", "operators": [{"name": "Orange", "price_per_mb": 2.3, "url": "https://www.orange.bf"}, {"name": "Telecel", "price_per_mb": 2.4, "url": "https://www.telecel.bf"}]},
      {"name": "Cabo Verde", "country_code": "CV", "operators": [{"name": "CV Movel", "price_per_mb": 2.5, "url": "https://www.cvmovel.cv"}, {"name": "Unitel T+", "price_per_mb": 2.6, "url": "https://www.uniteltmais.cv"}]},
      {"name": "Cameroon", "country_code": "CM", "operators": [{"name": "MTN", "price_per_mb": 1.9, "url": "https://www.mtn.cm"}, {"name": "Orange", "price_per_mb": 1.8, "url": "https://www.orange.cm"}]},
      {"name": "Chad", "country_code": "TD", "operators": [{"name": "Airtel", "price_per_mb": 2.5, "url": "https://www.airtel.td"}, {"name": "Moov", "price_per_mb": 2.6, "url": "https://www.moov.td"}]},
      {"name": "Comoros", "country_code": "KM", "operators": [{"name": "Telco SA", "price_per_mb": 3.0, "url": "https://www.telco.km"}]},
      {"name": "Congo (DRC)", "country_code": "CD", "operators": [{"name": "Vodacom", "price_per_mb": 2.2, "url": "https://www.vodacom.cd"}, {"name": "Airtel", "price_per_mb": 2.1, "url": "https://www.airtel.cd"}, {"name": "Orange", "price_per_mb": 2.1, "url": "https://www.orange.cd"}]},
      {"name": "Cote d'Ivoire", "country_code": "CI", "operators": [{"name": "Orange", "price_per_mb": 1.7, "url": "https://www.orange.ci"}, {"name": "MTN", "price_per_mb": 1.6, "url": "https://www.mtn.ci"}, {"name": "Moov", "price_per_mb": 1.6, "url": "https://www.moov.ci"}]},
      {"name": "Djibouti", "country_code": "DJ", "operators": [{"name": "Djibouti Telecom", "price_per_mb": 3.5, "url": "https://www.djiboutitelecom.dj"}]},
      {"name": "Egypt", "country_code": "EG", "operators": [{"name": "Vodafone", "price_per_mb": 1.2, "url": "https://www.vodafone.eg"}, {"name": "Orange", "price_per_mb": 1.1, "url": "https://www.orange.eg"}, {"name": "Etisalat", "price_per_mb": 1.1, "url": "https://www.etisalat.eg"}, {"name": "WE", "price_per_mb": 1.0, "url": "https://te.eg"}]},
      {"name": "Equatorial Guinea", "country_code": "GQ", "operators": [{"name": "Orange", "price_per_mb": 3.0, "url": "https://www.orange.gq"}, {"name": "MTN", "price_per_mb": 3.1, "url": "https://www.mtn.gq"}]},
      {"name": "Eswatini", "country_code": "SZ", "operators": [{"name": "MTN", "price_per_mb": 2.4, "url": "https://www.mtn.co.sz"}]},
      {"name": "Ethiopia", "country_code": "ET", "operators": [{"name": "Ethio Telecom", "price_per_mb": 1.5, "url": "https://www.ethiotelecom.et"}, {"name": "Safaricom", "price_per_mb": 1.6, "url": "https://www.safaricom.et"}]},
      {"name": "Gabon", "country_code": "GA", "operators": [{"name": "Airtel", "price_per_mb": 2.4, "url": "https://www.airtel.ga"}, {"name": "Moov", "price_per_mb": 2.3, "url": "https://www.moov.ga"}]},
      {"name": "Gambia", "country_code": "GM", "operators": [{"name": "Africell", "price_per_mb": 2.2, "url": "https://www.africell.gm"}, {"name": "QCell", "price_per_mb": 2.3, "url": "https://www.qcell.gm"}]},
      {"name": "Ghana", "country_code": "GH", "operators": [{"name": "MTN", "price_per_mb": 1.8, "url": "https://www.mtn.com.gh"}, {"name": "Vodafone", "price_per_mb": 1.7, "url": "https://www.vodafone.com.gh"}, {"name": "AirtelTigo", "price_per_mb": 1.7, "url": "https://www.airteltigo.com.gh"}]},
      {"name": "Guinea", "country_code": "GN", "operators": [{"name": "Orange", "price_per_mb": 2.5, "url": "https://www.orange-guinee.com"}, {"name": "MTN", "price_per_mb": 2.6, "url": "https://www.mtn.com.gn"}]},
      {"name": "Kenya", "country_code": "KE", "operators": [{"name": "Safaricom", "price_per_mb": 1.6, "url": "https://www.safaricom.co.ke"}, {"name": "Airtel", "price_per_mb": 1.5, "url": "https://www.airtel.co.ke"}, {"name": "Telkom", "price_per_mb": 1.5, "url": "https://telkom.co.ke"}]},
      {"name": "Lesotho", "country_code": "LS", "operators": [{"name": "Vodacom", "price_per_mb": 2.3, "url": "https://www.vodacom.co.ls"}, {"name": "Econet", "price_per_mb": 2.4, "url": "https://www.econet.co.ls"}]},
      {"name": "Liberia", "country_code": "LR", "operators": [{"name": "Orange", "price_per_mb": 2.7, "url": "https://www.orange.com.lr"}, {"name": "Lonestar Cell MTN", "price_per_mb": 2.8, "url": "https://www.lonestarcell.com"}]},
      {"name": "Libya", "country_code": "LY", "operators": [{"name": "Almadar", "price_per_mb": 2.8, "url": "https://www.almadar.ly"}, {"name": "Libyana", "price_per_mb": 2.7, "url": "https://www.libyana.ly"}]},
      {"name": "Madagascar", "country_code": "MG", "operators": [{"name": "Telma", "price_per_mb": 2.0, "url": "https://www.telma.mg"}, {"name": "Orange", "price_per_mb": 1.9, "url": "https://www.orange.mg"}, {"name": "Airtel", "price_per_mb": 1.9, "url": "https://www.airtel.mg"}]},
      {"name": "Mali", "country_code": "ML", "operators": [{"name": "Orange", "price_per_mb": 2.5, "url": "https://www.orange.ml"}, {"name": "Malitel", "price_per_mb": 2.6, "url": "https://www.malitel.ml"}]},
      {"name": "Mauritania", "country_code": "MR", "operators": [{"name": "Mattel", "price_per_mb": 2.7, "url": "https://www.mattel.mr"}, {"name": "Chinguitel", "price_per_mb": 2.8, "url": "https://www.chinguitel.mr"}]},
      {"name": "Mauritius", "country_code": "MU", "operators": [{"name": "my.t", "price_per_mb": 2.5, "url": "https://www.myt.mu"}, {"name": "Emtel", "price_per_mb": 2.6, "url": "https://www.emtel.com"}]},
      {"name": "Morocco", "country_code": "MA", "operators": [{"name": "Maroc Telecom", "price_per_mb": 2.0, "url": "https://www.iam.ma"}, {"name": "Orange", "price_per_mb": 1.9, "url": "https://www.orange.ma"}, {"name": "Inwi", "price_per_mb": 1.9, "url": "https://www.inwi.ma"}]},
      {"name": "Mozambique", "country_code": "MZ", "operators": [{"name": "Vodacom", "price_per_mb": 2.3, "url": "https://www.vm.co.mz"}, {"name": "mCel", "price_per_mb": 2.4, "url": "https://www.mcel.co.mz"}, {"name": "Movitel", "price_per_mb": 2.2, "url": "https://movitel.co.mz"}]},
      {"name": "Namibia", "country_code": "NA", "operators": [{"name": "MTC", "price_per_mb": 2.4, "url": "https://www.mtc.com.na"}, {"name": "TN Mobile", "price_per_mb": 2.5, "url": "https://www.telecom.na"}]},
      {"name": "Niger", "country_code": "NE", "operators": [{"name": "Airtel", "price_per_mb": 2.6, "url": "https://www.airtel.ne"}, {"name": "Moov", "price_per_mb": 2.7, "url": "https://www.moov.ne"}]},
      {"name": "Nigeria", "country_code": "NG", "operators": [{"name": "MTN", "price_per_mb": 1.4, "url": "https://www.mtnonline.com"}, {"name": "Airtel", "price_per_mb": 1.3, "url": "https://www.airtel.com.ng"}, {"name": "Globacom", "price_per_mb": 1.3, "url": "https://www.gloworld.com"}, {"name": "9mobile", "price_per_mb": 1.4, "url": "https://9mobile.com.ng"}]},
      {"name": "Rwanda", "country_code": "RW", "operators": [{"name": "MTN", "price_per_mb": 2.1, "url": "https://www.mtn.co.rw"}, {"name": "Airtel", "price_per_mb": 2.0, "url": "https://www.airtel.co.rw"}]},
      {"name": "Senegal", "country_code": "SN", "operators": [{"name": "Orange", "price_per_mb": 2.1, "url": "https://www.orange.sn"}, {"name": "Free", "price_per_mb": 2.0, "url": "https://www.free.sn"}, {"name": "Expresso", "price_per_mb": 2.0, "url": "https://www.expressotelecom.sn"}]},
      {"name": "Seychelles", "country_code": "SC", "operators": [{"name": "Airtel", "price_per_mb": 3.0, "url": "https://www.airtel.sc"}, {"name": "Cable & Wireless", "price_per_mb": 3.1, "url": "https://www.cwseychelles.com"}]},
      {"name": "Sierra Leone", "country_code": "SL", "operators": [{"name": "Orange", "price_per_mb": 2.8, "url": "https://www.orange.sl"}, {"name": "Africell", "price_per_mb": 2.7, "url": "https://www.africell.sl"}]},
      {"name": "Somalia", "country_code": "SO", "operators": [{"name": "Hormuud", "price_per_mb": 2.9, "url": "https://www.hormuud.com"}]},
      {"name": "South Africa", "country_code": "ZA", "operators": [{"name": "Vodacom", "price_per_mb": 1.9, "url": "https://www.vodacom.co.za"}, {"name": "MTN", "price_per_mb": 1.8, "url": "https://www.mtn.co.za"}, {"name": "Cell C", "price_per_mb": 1.8, "url": "https://www.cellc.co.za"}, {"name": "Telkom", "price_per_mb": 1.7, "url": "https://www.telkom.co.za"}]},
      {"name": "South Sudan", "country_code": "SS", "operators": [{"name": "Zain", "price_per_mb": 3.5, "url": "https://www.ss.zain.com"}, {"name": "MTN", "price_per_mb": 3.6, "url": "https://www.mtn.ss"}]},
      {"name": "Sudan", "country_code": "SD", "operators": [{"name": "Zain", "price_per_mb": 2.5, "url": "https://www.sd.zain.com"}, {"name": "MTN", "price_per_mb": 2.4, "url": "https://www.mtn.sd"}]},
      {"name": "Tanzania", "country_code": "TZ", "operators": [{"name": "Vodacom", "price_per_mb": 1.7, "url": "https://www.vodacom.co.tz"}, {"name": "Airtel", "price_per_mb": 1.6, "url": "https://www.airtel.co.tz"}, {"name": "Tigo", "price_per_mb": 1.6, "url": "https://www.tigo.co.tz"}]},
      {"name": "Togo", "country_code": "TG", "operators": [{"name": "TogoCel", "price_per_mb": 2.5, "url": "https://www.togocel.tg"}, {"name": "Moov", "price_per_mb": 2.4, "url": "https://www.moov.tg"}]},
      {"name": "Tunisia", "country_code": "TN", "operators": [{"name": "Tunisie Telecom", "price_per_mb": 2.2, "url": "https://www.tunisietelecom.tn"}, {"name": "Ooredoo", "price_per_mb": 2.1, "url": "https://www.ooredoo.tn"}, {"name": "Orange", "price_per_mb": 2.1, "url": "https://www.orange.tn"}]},
      {"name": "Uganda", "country_code": "UG", "operators": [{"name": "MTN", "price_per_mb": 2.0, "url": "https://www.mtn.co.ug"}, {"name": "Airtel", "price_per_mb": 1.9, "url": "https://www.airtel.co.ug"}]},
      {"name": "Zambia", "country_code": "ZM", "operators": [{"name": "MTN", "price_per_mb": 2.4, "url": "https://www.mtn.co.zm"}, {"name": "Airtel", "price_per_mb": 2.3, "url": "https://www.airtel.co.zm"}]},
      {"name": "Zimbabwe", "country_code": "ZW", "operators": [{"name": "Econet", "price_per_mb": 2.6, "url": "https://www.econet.co.zw"}, {"name": "NetOne", "price_per_mb": 2.5, "url": "https://www.netone.co.zw"}]}
    ]
  },
  {
    "region": "Oceania",
    "countries": [
      {"name": "Australia", "country_code": "AU", "operators": [{"name": "Telstra", "price_per_mb": 2.0, "url": "https://www.telstra.com.au"}, {"name": "Optus", "price_per_mb": 1.8, "url": "https://www.optus.com.au"}, {"name": "Vodafone", "price_per_mb": 1.9, "url": "https://www.vodafone.com.au"}]},
      {"name": "Cook Islands", "country_code": "CK", "operators": [{"name": "Vodafone", "price_per_mb": 3.5, "url": "https://www.vodafone.co.ck"}]},
      {"name": "Fiji", "country_code": "FJ", "operators": [{"name": "Vodafone", "price_per_mb": 2.5, "url": "https://www.vodafone.com.fj"}, {"name": "Digicel", "price_per_mb": 2.4, "url": "https://www.digicelfiji.com"}]},
      {"name": "French Polynesia", "country_code": "PF", "operators": [{"name": "Vini", "price_per_mb": 3.8, "url": "https://www.vini.pf"}, {"name": "Vodafone", "price_per_mb": 3.7, "url": "https://www.vodafone.pf"}]},
      {"name": "Guam", "country_code": "GU", "operators": [{"name": "GTA", "price_per_mb": 2.5, "url": "https://www.gta.net"}, {"name": "Docomo Pacific", "price_per_mb": 2.6, "url": "https://www.docomopacific.com"}]},
      {"name": "Kiribati", "country_code": "KI", "operators": [{"name": "Amalgamated Telecom Holdings", "price_per_mb": 4.0, "url": "https://www.ath.com.fj"}]},
      {"name": "New Caledonia", "country_code": "NC", "operators": [{"name": "OPT", "price_per_mb": 3.9, "url": "https://www.opt.nc"}]},
      {"name": "New Zealand", "country_code": "NZ", "operators": [{"name": "Spark", "price_per_mb": 2.2, "url": "https://www.spark.co.nz"}, {"name": "One NZ", "price_per_mb": 2.1, "url": "https://one.nz"}, {"name": "2degrees", "price_per_mb": 2.3, "url": "https://www.2degrees.nz"}]},
      {"name": "Papua New Guinea", "country_code": "PG", "operators": [{"name": "Digicel", "price_per_mb": 2.8, "url": "https://www.digicelgroup.com"}, {"name": "Telikom", "price_per_mb": 2.7, "url": "https://www.telikom.com.pg"}]},
      {"name": "Samoa", "country_code": "WS", "operators": [{"name": "Digicel", "price_per_mb": 3.0, "url": "https://www.digicelsamoa.com"}, {"name": "Vodafone", "price_per_mb": 2.9, "url": "https://www.vodafone.ws"}]},
      {"name": "Solomon Islands", "country_code": "SB", "operators": [{"name": "Solomon Telekom", "price_per_mb": 3.2, "url": "https://www.telekom.com.sb"}]},
      {"name": "Tonga", "country_code": "TO", "operators": [{"name": "Digicel", "price_per_mb": 3.2, "url": "https://www.digicelgroup.com"}, {"name": "TCC", "price_per_mb": 3.1, "url": "https://www.tcc.to"}]},
      {"name": "Vanuatu", "country_code": "VU", "operators": [{"name": "Digicel", "price_per_mb": 3.3, "url": "https://www.digicelgroup.com"}, {"name": "Vodafone", "price_per_mb": 3.2, "url": "https://www.vodafone.com.vu"}]}
    ]
  }
]